text,category
生物技术助力医疗进步,科技
音乐节现场火爆，观众热情高涨,娱乐
量子计算机研发取得进展,科技
艺人慈善活动传递正能量,娱乐
保险行业迎来发展机遇期,财经
央行宣布降息政策，市场反应积极,财经
体操世界杯中国队表现优异,体育
明星新剧开播，收视率创新高,娱乐
颁奖典礼星光熠熠,娱乐
乒乓球团体赛中国队夺冠,体育
外汇市场波动加剧，投资者需谨慎,财经
体操世界杯中国队表现优异,体育
演唱会门票一票难求,娱乐
新能源汽车销量持续增长,科技
羽毛球大师赛精彩纷呈,体育
智能家居市场快速发展,科技
基金收益率创新高，吸引大量资金,财经
射击比赛国家队再获佳绩,体育
银行推出新理财产品，收益稳健,财经
房地产市场回暖，成交量稳步上升,财经
5G网络覆盖范围进一步扩大,科技
生物技术助力医疗进步,科技
消费券发放刺激市场活力,财经
演唱会门票一票难求,娱乐
外汇市场波动加剧，投资者需谨慎,财经
新能源汽车销量持续增长,科技
黄金价格走高，避险情绪升温,财经
体操世界杯中国队表现优异,体育
综艺节目收视率居高不下,娱乐
篮球比赛激烈，双方战至最后一刻,体育
真人秀节目话题不断,娱乐
足球队夺得联赛冠军，球迷狂欢庆祝,体育
足球队夺得联赛冠军，球迷狂欢庆祝,体育
量子计算机研发取得进展,科技
智能家居市场快速发展,科技
颁奖典礼星光熠熠,娱乐
网络剧掀起追剧热潮,娱乐
体操世界杯中国队表现优异,体育
外汇市场波动加剧，投资者需谨慎,财经
银行推出新理财产品，收益稳健,财经
综艺节目收视率居高不下,娱乐
体操世界杯中国队表现优异,体育
智能家居市场快速发展,科技
田径比赛中刷新多项纪录,体育
银行推出新理财产品，收益稳健,财经
赛车手在赛道上展现精湛技艺,体育
综艺节目收视率居高不下,娱乐
黄金价格走高，避险情绪升温,财经
射击比赛国家队再获佳绩,体育
羽毛球大师赛精彩纷呈,体育
智能家居市场快速发展,科技
综艺节目收视率居高不下,娱乐
田径比赛中刷新多项纪录,体育
明星新剧开播，收视率创新高,娱乐
明星新剧开播，收视率创新高,娱乐
虚拟现实技术走进日常生活,科技
基金收益率创新高，吸引大量资金,财经
射击比赛国家队再获佳绩,体育
5G网络覆盖范围进一步扩大,科技
智能家居市场快速发展,科技
量子计算机研发取得进展,科技
保险行业迎来发展机遇期,财经
云计算服务普及程度提高,科技
区块链技术应用前景广阔,科技
射击比赛国家队再获佳绩,体育
量子计算机研发取得进展,科技
明星新剧开播，收视率创新高,娱乐
明星新剧开播，收视率创新高,娱乐
游泳世锦赛中国队收获多枚金牌,体育
体操世界杯中国队表现优异,体育
量子计算机研发取得进展,科技
篮球比赛激烈，双方战至最后一刻,体育
5G网络覆盖范围进一步扩大,科技
颁奖典礼星光熠熠,娱乐
区块链技术应用前景广阔,科技
音乐节现场火爆，观众热情高涨,娱乐
电影票房突破十亿大关,娱乐
人工智能技术取得重大突破,科技
赛车手在赛道上展现精湛技艺,体育
外汇市场波动加剧，投资者需谨慎,财经
无人机技术广泛应用于农业,科技
音乐节现场火爆，观众热情高涨,娱乐
消费券发放刺激市场活力,财经
生物技术助力医疗进步,科技
人工智能技术取得重大突破,科技
智能家居市场快速发展,科技
区块链技术应用前景广阔,科技
虚拟现实技术走进日常生活,科技
量子计算机研发取得进展,科技
企业财报超预期，股价应声上涨,财经
央行宣布降息政策，市场反应积极,财经
综艺节目收视率居高不下,娱乐
消费券发放刺激市场活力,财经
赛车手在赛道上展现精湛技艺,体育
云计算服务普及程度提高,科技
网络剧掀起追剧热潮,娱乐
艺人慈善活动传递正能量,娱乐
电影票房突破十亿大关,娱乐
电视剧改编自热门小说,娱乐
游泳世锦赛中国队收获多枚金牌,体育
体操世界杯中国队表现优异,体育
智能家居市场快速发展,科技
真人秀节目话题不断,娱乐
真人秀节目话题不断,娱乐
篮球比赛激烈，双方战至最后一刻,体育
股市今日大幅上涨，投资者信心增强,财经
明星新剧开播，收视率创新高,娱乐
电视剧改编自热门小说,娱乐
保险行业迎来发展机遇期,财经
乒乓球团体赛中国队夺冠,体育
电影票房突破十亿大关,娱乐
篮球比赛激烈，双方战至最后一刻,体育
智能家居市场快速发展,科技
足球队夺得联赛冠军，球迷狂欢庆祝,体育
射击比赛国家队再获佳绩,体育
企业财报超预期，股价应声上涨,财经
赛车手在赛道上展现精湛技艺,体育
足球队夺得联赛冠军，球迷狂欢庆祝,体育
股市今日大幅上涨，投资者信心增强,财经
外汇市场波动加剧，投资者需谨慎,财经
生物技术助力医疗进步,科技
明星新剧开播，收视率创新高,娱乐
区块链技术应用前景广阔,科技
银行推出新理财产品，收益稳健,财经
艺人慈善活动传递正能量,娱乐
网球公开赛落幕，新星崭露头角,体育
房地产市场回暖，成交量稳步上升,财经
电影票房突破十亿大关,娱乐
银行推出新理财产品，收益稳健,财经
消费券发放刺激市场活力,财经
颁奖典礼星光熠熠,娱乐
乒乓球团体赛中国队夺冠,体育
云计算服务普及程度提高,科技
羽毛球大师赛精彩纷呈,体育
田径比赛中刷新多项纪录,体育
篮球比赛激烈，双方战至最后一刻,体育
游泳世锦赛中国队收获多枚金牌,体育
新能源汽车销量持续增长,科技
股市今日大幅上涨，投资者信心增强,财经
乒乓球团体赛中国队夺冠,体育
电视剧改编自热门小说,娱乐
颁奖典礼星光熠熠,娱乐
房地产市场回暖，成交量稳步上升,财经
音乐节现场火爆，观众热情高涨,娱乐
房地产市场回暖，成交量稳步上升,财经
网球公开赛落幕，新星崭露头角,体育
足球队夺得联赛冠军，球迷狂欢庆祝,体育
新能源汽车销量持续增长,科技
真人秀节目话题不断,娱乐
银行推出新理财产品，收益稳健,财经
网络剧掀起追剧热潮,娱乐
房地产市场回暖，成交量稳步上升,财经
乒乓球团体赛中国队夺冠,体育
网络剧掀起追剧热潮,娱乐
新能源汽车销量持续增长,科技
电视剧改编自热门小说,娱乐
颁奖典礼星光熠熠,娱乐
赛车手在赛道上展现精湛技艺,体育
外汇市场波动加剧，投资者需谨慎,财经
企业财报超预期，股价应声上涨,财经
田径比赛中刷新多项纪录,体育
房地产市场回暖，成交量稳步上升,财经
基金收益率创新高，吸引大量资金,财经
银行推出新理财产品，收益稳健,财经
羽毛球大师赛精彩纷呈,体育
篮球比赛激烈，双方战至最后一刻,体育
电影票房突破十亿大关,娱乐
游泳世锦赛中国队收获多枚金牌,体育
射击比赛国家队再获佳绩,体育
智能家居市场快速发展,科技
体操世界杯中国队表现优异,体育
生物技术助力医疗进步,科技
区块链技术应用前景广阔,科技
房地产市场回暖，成交量稳步上升,财经
真人秀节目话题不断,娱乐
艺人慈善活动传递正能量,娱乐
艺人慈善活动传递正能量,娱乐
保险行业迎来发展机遇期,财经
射击比赛国家队再获佳绩,体育
明星新剧开播，收视率创新高,娱乐
房地产市场回暖，成交量稳步上升,财经
羽毛球大师赛精彩纷呈,体育
真人秀节目话题不断,娱乐
田径比赛中刷新多项纪录,体育
人工智能技术取得重大突破,科技
央行宣布降息政策，市场反应积极,财经
5G网络覆盖范围进一步扩大,科技
游泳世锦赛中国队收获多枚金牌,体育
生物技术助力医疗进步,科技
银行推出新理财产品，收益稳健,财经
篮球比赛激烈，双方战至最后一刻,体育
篮球比赛激烈，双方战至最后一刻,体育
银行推出新理财产品，收益稳健,财经
企业财报超预期，股价应声上涨,财经
电影票房突破十亿大关,娱乐
5G网络覆盖范围进一步扩大,科技
5G网络覆盖范围进一步扩大,科技
真人秀节目话题不断,娱乐
体操世界杯中国队表现优异,体育
黄金价格走高，避险情绪升温,财经
网球公开赛落幕，新星崭露头角,体育
网球公开赛落幕，新星崭露头角,体育
外汇市场波动加剧，投资者需谨慎,财经
保险行业迎来发展机遇期,财经
田径比赛中刷新多项纪录,体育
股市今日大幅上涨，投资者信心增强,财经
体操世界杯中国队表现优异,体育
生物技术助力医疗进步,科技
银行推出新理财产品，收益稳健,财经
区块链技术应用前景广阔,科技
房地产市场回暖，成交量稳步上升,财经
企业财报超预期，股价应声上涨,财经
智能家居市场快速发展,科技
网球公开赛落幕，新星崭露头角,体育
电视剧改编自热门小说,娱乐
网球公开赛落幕，新星崭露头角,体育
区块链技术应用前景广阔,科技
体操世界杯中国队表现优异,体育
房地产市场回暖，成交量稳步上升,财经
足球队夺得联赛冠军，球迷狂欢庆祝,体育
量子计算机研发取得进展,科技
颁奖典礼星光熠熠,娱乐
企业财报超预期，股价应声上涨,财经
颁奖典礼星光熠熠,娱乐
房地产市场回暖，成交量稳步上升,财经
智能家居市场快速发展,科技
演唱会门票一票难求,娱乐
智能家居市场快速发展,科技
射击比赛国家队再获佳绩,体育
颁奖典礼星光熠熠,娱乐
足球队夺得联赛冠军，球迷狂欢庆祝,体育
综艺节目收视率居高不下,娱乐
5G网络覆盖范围进一步扩大,科技
明星新剧开播，收视率创新高,娱乐
体操世界杯中国队表现优异,体育
基金收益率创新高，吸引大量资金,财经
股市今日大幅上涨，投资者信心增强,财经
赛车手在赛道上展现精湛技艺,体育
保险行业迎来发展机遇期,财经
企业财报超预期，股价应声上涨,财经
云计算服务普及程度提高,科技
黄金价格走高，避险情绪升温,财经
羽毛球大师赛精彩纷呈,体育
网球公开赛落幕，新星崭露头角,体育
区块链技术应用前景广阔,科技
生物技术助力医疗进步,科技
银行推出新理财产品，收益稳健,财经
基金收益率创新高，吸引大量资金,财经
基金收益率创新高，吸引大量资金,财经
明星新剧开播，收视率创新高,娱乐
房地产市场回暖，成交量稳步上升,财经
企业财报超预期，股价应声上涨,财经
乒乓球团体赛中国队夺冠,体育
云计算服务普及程度提高,科技
电视剧改编自热门小说,娱乐
5G网络覆盖范围进一步扩大,科技
篮球比赛激烈，双方战至最后一刻,体育
无人机技术广泛应用于农业,科技
黄金价格走高，避险情绪升温,财经
电影票房突破十亿大关,娱乐
网络剧掀起追剧热潮,娱乐
量子计算机研发取得进展,科技
赛车手在赛道上展现精湛技艺,体育
音乐节现场火爆，观众热情高涨,娱乐
区块链技术应用前景广阔,科技
颁奖典礼星光熠熠,娱乐
明星新剧开播，收视率创新高,娱乐
生物技术助力医疗进步,科技
虚拟现实技术走进日常生活,科技
演唱会门票一票难求,娱乐
田径比赛中刷新多项纪录,体育
新能源汽车销量持续增长,科技
电视剧改编自热门小说,娱乐
智能家居市场快速发展,科技
云计算服务普及程度提高,科技
虚拟现实技术走进日常生活,科技
足球队夺得联赛冠军，球迷狂欢庆祝,体育
房地产市场回暖，成交量稳步上升,财经
电影票房突破十亿大关,娱乐
艺人慈善活动传递正能量,娱乐
5G网络覆盖范围进一步扩大,科技
保险行业迎来发展机遇期,财经
企业财报超预期，股价应声上涨,财经
保险行业迎来发展机遇期,财经
演唱会门票一票难求,娱乐
真人秀节目话题不断,娱乐
电视剧改编自热门小说,娱乐
虚拟现实技术走进日常生活,科技
音乐节现场火爆，观众热情高涨,娱乐
保险行业迎来发展机遇期,财经
外汇市场波动加剧，投资者需谨慎,财经
企业财报超预期，股价应声上涨,财经
无人机技术广泛应用于农业,科技
无人机技术广泛应用于农业,科技
智能家居市场快速发展,科技
网络剧掀起追剧热潮,娱乐
5G网络覆盖范围进一步扩大,科技
外汇市场波动加剧，投资者需谨慎,财经
赛车手在赛道上展现精湛技艺,体育
音乐节现场火爆，观众热情高涨,娱乐
艺人慈善活动传递正能量,娱乐
羽毛球大师赛精彩纷呈,体育
虚拟现实技术走进日常生活,科技
央行宣布降息政策，市场反应积极,财经
生物技术助力医疗进步,科技
艺人慈善活动传递正能量,娱乐
田径比赛中刷新多项纪录,体育
电影票房突破十亿大关,娱乐
真人秀节目话题不断,娱乐
综艺节目收视率居高不下,娱乐
智能家居市场快速发展,科技
演唱会门票一票难求,娱乐
新能源汽车销量持续增长,科技
音乐节现场火爆，观众热情高涨,娱乐
篮球比赛激烈，双方战至最后一刻,体育
智能家居市场快速发展,科技
5G网络覆盖范围进一步扩大,科技
股市今日大幅上涨，投资者信心增强,财经
基金收益率创新高，吸引大量资金,财经
体操世界杯中国队表现优异,体育
生物技术助力医疗进步,科技
股市今日大幅上涨，投资者信心增强,财经
颁奖典礼星光熠熠,娱乐
乒乓球团体赛中国队夺冠,体育
网络剧掀起追剧热潮,娱乐
射击比赛国家队再获佳绩,体育
虚拟现实技术走进日常生活,科技
人工智能技术取得重大突破,科技
保险行业迎来发展机遇期,财经
网球公开赛落幕，新星崭露头角,体育
企业财报超预期，股价应声上涨,财经
乒乓球团体赛中国队夺冠,体育
电影票房突破十亿大关,娱乐
黄金价格走高，避险情绪升温,财经
网球公开赛落幕，新星崭露头角,体育
音乐节现场火爆，观众热情高涨,娱乐
人工智能技术取得重大突破,科技
保险行业迎来发展机遇期,财经
电视剧改编自热门小说,娱乐
基金收益率创新高，吸引大量资金,财经
真人秀节目话题不断,娱乐
足球队夺得联赛冠军，球迷狂欢庆祝,体育
外汇市场波动加剧，投资者需谨慎,财经
量子计算机研发取得进展,科技
消费券发放刺激市场活力,财经
外汇市场波动加剧，投资者需谨慎,财经
电影票房突破十亿大关,娱乐
足球队夺得联赛冠军，球迷狂欢庆祝,体育
5G网络覆盖范围进一步扩大,科技
网球公开赛落幕，新星崭露头角,体育
保险行业迎来发展机遇期,财经
综艺节目收视率居高不下,娱乐
云计算服务普及程度提高,科技
艺人慈善活动传递正能量,娱乐
央行宣布降息政策，市场反应积极,财经
云计算服务普及程度提高,科技
射击比赛国家队再获佳绩,体育
量子计算机研发取得进展,科技
足球队夺得联赛冠军，球迷狂欢庆祝,体育
保险行业迎来发展机遇期,财经
游泳世锦赛中国队收获多枚金牌,体育
篮球比赛激烈，双方战至最后一刻,体育
央行宣布降息政策，市场反应积极,财经
股市今日大幅上涨，投资者信心增强,财经
田径比赛中刷新多项纪录,体育
央行宣布降息政策，市场反应积极,财经
智能家居市场快速发展,科技
新能源汽车销量持续增长,科技
保险行业迎来发展机遇期,财经
颁奖典礼星光熠熠,娱乐
基金收益率创新高，吸引大量资金,财经
演唱会门票一票难求,娱乐
体操世界杯中国队表现优异,体育
基金收益率创新高，吸引大量资金,财经
保险行业迎来发展机遇期,财经
电影票房突破十亿大关,娱乐
电影票房突破十亿大关,娱乐
赛车手在赛道上展现精湛技艺,体育
网络剧掀起追剧热潮,娱乐
5G网络覆盖范围进一步扩大,科技
企业财报超预期，股价应声上涨,财经
外汇市场波动加剧，投资者需谨慎,财经
音乐节现场火爆，观众热情高涨,娱乐
量子计算机研发取得进展,科技
真人秀节目话题不断,娱乐
企业财报超预期，股价应声上涨,财经
电视剧改编自热门小说,娱乐
无人机技术广泛应用于农业,科技
艺人慈善活动传递正能量,娱乐
无人机技术广泛应用于农业,科技
新能源汽车销量持续增长,科技
保险行业迎来发展机遇期,财经
智能家居市场快速发展,科技
田径比赛中刷新多项纪录,体育
明星新剧开播，收视率创新高,娱乐
羽毛球大师赛精彩纷呈,体育
足球队夺得联赛冠军，球迷狂欢庆祝,体育
真人秀节目话题不断,娱乐
黄金价格走高，避险情绪升温,财经
网络剧掀起追剧热潮,娱乐
电视剧改编自热门小说,娱乐
电影票房突破十亿大关,娱乐
赛车手在赛道上展现精湛技艺,体育
基金收益率创新高，吸引大量资金,财经
5G网络覆盖范围进一步扩大,科技
黄金价格走高，避险情绪升温,财经
央行宣布降息政策，市场反应积极,财经
乒乓球团体赛中国队夺冠,体育
银行推出新理财产品，收益稳健,财经
射击比赛国家队再获佳绩,体育
音乐节现场火爆，观众热情高涨,娱乐
明星新剧开播，收视率创新高,娱乐
央行宣布降息政策，市场反应积极,财经
网球公开赛落幕，新星崭露头角,体育
电视剧改编自热门小说,娱乐
明星新剧开播，收视率创新高,娱乐
真人秀节目话题不断,娱乐
央行宣布降息政策，市场反应积极,财经
股市今日大幅上涨，投资者信心增强,财经
网球公开赛落幕，新星崭露头角,体育
体操世界杯中国队表现优异,体育
演唱会门票一票难求,娱乐
体操世界杯中国队表现优异,体育
房地产市场回暖，成交量稳步上升,财经
云计算服务普及程度提高,科技
艺人慈善活动传递正能量,娱乐
乒乓球团体赛中国队夺冠,体育
人工智能技术取得重大突破,科技
游泳世锦赛中国队收获多枚金牌,体育
股市今日大幅上涨，投资者信心增强,财经
保险行业迎来发展机遇期,财经
人工智能技术取得重大突破,科技
新能源汽车销量持续增长,科技
游泳世锦赛中国队收获多枚金牌,体育
电视剧改编自热门小说,娱乐
综艺节目收视率居高不下,娱乐
银行推出新理财产品，收益稳健,财经
央行宣布降息政策，市场反应积极,财经
云计算服务普及程度提高,科技
音乐节现场火爆，观众热情高涨,娱乐
电视剧改编自热门小说,娱乐
羽毛球大师赛精彩纷呈,体育
区块链技术应用前景广阔,科技
网络剧掀起追剧热潮,娱乐
央行宣布降息政策，市场反应积极,财经
新能源汽车销量持续增长,科技
羽毛球大师赛精彩纷呈,体育
外汇市场波动加剧，投资者需谨慎,财经
基金收益率创新高，吸引大量资金,财经
电视剧改编自热门小说,娱乐
央行宣布降息政策，市场反应积极,财经
消费券发放刺激市场活力,财经
智能家居市场快速发展,科技
艺人慈善活动传递正能量,娱乐
量子计算机研发取得进展,科技
消费券发放刺激市场活力,财经
田径比赛中刷新多项纪录,体育
音乐节现场火爆，观众热情高涨,娱乐
企业财报超预期，股价应声上涨,财经
田径比赛中刷新多项纪录,体育
黄金价格走高，避险情绪升温,财经
音乐节现场火爆，观众热情高涨,娱乐
人工智能技术取得重大突破,科技
电影票房突破十亿大关,娱乐
赛车手在赛道上展现精湛技艺,体育
消费券发放刺激市场活力,财经
保险行业迎来发展机遇期,财经
量子计算机研发取得进展,科技
演唱会门票一票难求,娱乐
真人秀节目话题不断,娱乐
区块链技术应用前景广阔,科技
音乐节现场火爆，观众热情高涨,娱乐
羽毛球大师赛精彩纷呈,体育
音乐节现场火爆，观众热情高涨,娱乐
电视剧改编自热门小说,娱乐
颁奖典礼星光熠熠,娱乐
新能源汽车销量持续增长,科技
电影票房突破十亿大关,娱乐
羽毛球大师赛精彩纷呈,体育
明星新剧开播，收视率创新高,娱乐
无人机技术广泛应用于农业,科技
真人秀节目话题不断,娱乐
量子计算机研发取得进展,科技
房地产市场回暖，成交量稳步上升,财经
基金收益率创新高，吸引大量资金,财经
综艺节目收视率居高不下,娱乐
羽毛球大师赛精彩纷呈,体育
股市今日大幅上涨，投资者信心增强,财经
量子计算机研发取得进展,科技
射击比赛国家队再获佳绩,体育
企业财报超预期，股价应声上涨,财经
基金收益率创新高，吸引大量资金,财经
外汇市场波动加剧，投资者需谨慎,财经
网球公开赛落幕，新星崭露头角,体育
新能源汽车销量持续增长,科技
游泳世锦赛中国队收获多枚金牌,体育
央行宣布降息政策，市场反应积极,财经
田径比赛中刷新多项纪录,体育
无人机技术广泛应用于农业,科技
音乐节现场火爆，观众热情高涨,娱乐
